max_lat,min_lat,max_lon,min_lon
40.722745664,40.567093052000004,-73.84376049500001,-74.0416224075
