max_lat,min_lat,max_lon,min_lon
40.72980357794793,40.56540804349158,-73.82393033859113,-74.05134229356815
